content,title,url,genre,period,specific_genre,author
"Mậu Thân 2.000 người xuống đồng bằng<
>Chỉ một đêm, còn sống có 30<
>Ai chịu trách nhiệm về cái chết 2.000 người đó?<
>Tôi - người viết những câu thơ cổ võ<
>Ca tụng người không tiếc mạng mình<
>trong mọi cuộc xung phong.<
>Một trong ba mươi người kia ở mặt trận về sau mười năm<
>Ngồi bán quán bên đường nuôi đàn con nhỏ<
>Quán treo huân chương đầy, mọi cỡ,<
>Chả huân chương nào nuôi được người lính cũ!<
>Ai chịu trách nhiệm vậy?<
>Lại chính là tôi!<
>Người lính cần một câu thơ giải đáp về đời,",Ai Tôi!,https://isach.info/poem.php?poem=ai_toi__che_lan_vien,thơ tự do,hiện đại,,Chế Lan Viên
"Bảo anh không còn có khả năng nhai<
>Và đưa anh từ nay ra khỏi tiệc...<
>Thế thì đâu còn dịp nhai thứ thiệt?<
>Rốt cuộc anh lại ngồi vào bàn<
>Như không có gì xảy ra hết<
>Và những người khác thấy anh ngồi,<
>Họ cũng ngồi thôi",Bánh Vẽ,https://isach.info/poem.php?poem=banh_ve__che_lan_vien,bảy chữ,hiện đại,,Chế Lan Viên
"Tôi từ xứ lắm bom<
>Giáp mặt nghìn lần cùng cái chết<
>Đứng trước chiếc bình con<
>Vẫn cứ bàng hoàng<
>Ồ! Ta đã nghe rao giảng về hư vô<
>Tro tàn, gió rét.<
>Ăn miếng buồn trong thơ<
>Uống nỗi đau ở triết,<
>Ờ, thế mà chả có gì mất hết<
>Chiếc bình kia vẫn còn<
>Vỏ ốc hóa vôi<
>Rễ cây bám bình hóa thạch<
>Nét hoa văn vẫn cười.<
>Dù hoa chỉ một ngày<
>Dù sóng kia vạn tuổi<
>Dù đời nhiều chuyện rủi<
>Mà rất nghèo cơ may<
>Chiếc bình xưa vẫn đó<
>Người này vứt để quên<
>Người kia cầm lại nhớ<
>Thời này dù vứt bỏ<
>Thì thời kia nhặt lên.",Bình Đựng Lệ,https://isach.info/poem.php?poem=binh_dung_le__che_lan_vien,thơ tự do,hiện đại,,Chế Lan Viên
"Từ có Bác cuộc đời chợt sáng<
>Bát cơm no ngày tám tháng ba<
>Cơm thơm ăn với cá kho<
>Công đức Bác Hồ bản nhớ nghìn năm<
>Bác thương dân chăm ăn chăm mặc<
>Em đi chợ đồng bằng bán hạt sa nhân.<
>Tháng giêng thêu áo,may quần,<
>Tháng hai trảy hội mừa xuân hãy còn<
>Lớp bình dân cuối thôn em học<
>Người thêm khô đất mọc thêm hoa<
>Chim khôn chim múa,chim ca<
>Bản em có Bác như nhà có trăng<
>Muối lên rừng tay bưng tay đặt<
>Bộ đội Bác lên rừng công tác em thương,<
>Khi xưa lên núi không đường<
>Giờ anh lên núi bản Mường đợi anh<
>Ra vườn xanh hái nhành vải đỏ,<
>Xuống ruộng vàng gặt bó lúa hương<
>Ngày vui nấu bữa cơm thường<
>Thết anh cán bộ lên Mường giúp dân.",Bữa Cơm Thường Trong Bản Nhỏ,https://isach.info/poem.php?poem=bua_com_thuong_trong_ban_nho__che_lan_vien,lục bát,hiện đại,,Chế Lan Viên
"Thôi không còn chờ mùa hoa phía trước<
>Mà ngoái đầu nhẩm lại các mùa hoa phía sau<
>Đấy là quy luật<
>Nhận mà không đau<
>Nhớ từ mùa hoa trong vườn mẹ<
>Lúc ấy là mai hay đào?<
>Lại nhớ mùa hoa xoan xứ Huế<
>Màu ngọc hồng trong chiêm bao…<
>Thôi cho ta khỏi đếm từng mùa hoa một<
>Ta có còn nó đâu?<
>Không phải hoa khuất mà ta khuất<
>Ta đi vào xứ không màu.<
>Cảm ơn một mùa ở trên trái đất<
>Cái hành tinh không vắng lặng giữa thiên hà<
>Không phải chỉ vì có hơi người ấm áp<
>Mà vì còn có các mùa hoa.<
>Dù là một chiếc hoa dại hoa vườn nhỏ nhặt<
>Ở trong cõi không màu, ta vẫn thấy nó từ xa.",Các Mùa Hoa,https://isach.info/poem.php?poem=cac_mua_hoa__che_lan_vien,bảy chữ,hiện đại,,Chế Lan Viên
"Này chiếc sọ người kia, mi hỡi!<
>Dưới làn xương mỏng mảnh của đầu mi;<
>Mi nhớ gì, tưởng gì trong đêm tối?<
>Mi trông mong ao ước những điều chi?<
>Mi nhớ đến cảnh pháp trường ghê rợn<
>Sọ muôn người lần lượt đuổi nhau rơi?<
>Hay mi nhớ những đêm mờ rùng rợn<
>Hồn mi bay trong đốm lửa ma trơi?<
>Có tìm chăng, những chiều không tiếng gió,<
>Của người mi thi thể rữa tan rồi?<
>Có tưởng lại mảnh hồn mi đau khổ<
>Đang lạc loài trong Cõi Chết xa xôi?<
>Hỡi chiếc sọ, ta vô cùng rồ dại<
>Muốn giết ta trong sức mạnh tay ta!<
>Để những giọt máu đào còn đọng lại<
>Theo hồn ta, tuôn chảy những lời thơ.<
>Ta muốn cắn mi ra từng mảnh nhỏ!<
>Muốn điên cuồng nuốt cả khối xương khô!<
>Để nếm lại cả một thời xưa cũ<
>Cả một dòng năm tháng đã trôi xa!",Cái Sọ Người,https://isach.info/poem.php?poem=cai_so_nguoi__che_lan_vien,bảy chữ,hiện đại,,Chế Lan Viên
"Canh cá tràu mẹ thường hay nấu khế<
>Khế trong vườn thêm một tý rau thơm<
>Ừ,thế đó mà một đời xa cách mẹ<
>Ba mươi năm trở lại nhà,nước mắt xuống mâm cơm!",Canh Cá Tràu,https://isach.info/poem.php?poem=canh_ca_trau__che_lan_vien,bảy chữ,hiện đại,,Chế Lan Viên
"Vịt gầy chưa đầy cân<
>Làm thịt ngày dân đói<
>Bữa ăn không tiếng nói<
>Cả nhà im mà ăn.",Cháo Vịt,https://isach.info/poem.php?poem=chao_vit__che_lan_vien,thơ tự do,hiện đại,,Chế Lan Viên
"Anh và bóng anh<
>Anh và bóng em<
>Anh và số phận<
>Anh đi một bước, nó đi một bước<
>Anh đi con mã, nó đi con xe<
>Anh ghềnh con sĩ, nó xơi con tốt<
>Chả còn biết ai sau, ai trước<
>Ăn, chả bao giờ ăn luôn<
>Mà lỡ thua thì thua tuốt<
>Đẩy cờ anh vào những thế chênh vênh<
>Chiếu tướng thình lình<
>Mà chẳng ai đến cùng anh",Cờ,https://isach.info/poem.php?poem=co__che_lan_vien,bảy chữ,hiện đại,,Chế Lan Viên
"Về với con trâu nghé ngọ<
>Có cặp sừng bỡ ngỡ<
>Chiều buồn không nghe hồn lau gọi nữa<
>Xe tiếng gió xạc xào<
>Xa mùi bùn, mùi trâu, rơm rạ…<
>Chỉ nghe danh vọng ầm ào<
>Vinh quang xí xố<
>Hoa Lư ở đâu?<
>Hoa lau ở đâu?<
>Hồn lau ở đâu?<
>Hồn ta ở đâu?",Cờ Lau Đinh Bộ Lĩnh,https://isach.info/poem.php?poem=co_lau_dinh_bo_linh__che_lan_vien,thơ tự do,hiện đại,,Chế Lan Viên
"Gà ơi đừng gáy vội<
>Tinh mơ là xuống tàu<
>Ta đi thì địch tới<
>Gà ơi,mày nỡ sao?",Đêm Tập Kết,https://isach.info/poem.php?poem=dem_tap_ket__che_lan_vien,thơ tự do,hiện đại,,Chế Lan Viên
"Thơ - Đêm Xuân Sầu - Chế Lan Viên<
>Nguyễn Nhật Ánh<
>Hoàng Thu Dung<
>Nguyễn Ngọc Tư<
>Quỳnh Dao<
>Hồ Biểu Chánh<
>Cổ Long<
>Ngọa Long Sinh<
>Ngã Cật Tây Hồng Thị<
>Trần Thanh Vân<
>Trung Nghị<
>Thu Hiền<
>Bá Trung<
>Mạnh Linh<
>Bạch Lý<
>Hướng Dương<
>Dương Liễu<
>Ngô Hồng<
>Ngọc Hân<
>Phương Minh<
>Shep O’Neal<
>Hồi Ký<
>Tùy But<
>Thơ ▼<
>Nguyễn Bính<
>Hồ Xuân Hương<
>Trần Đăng Khoa<
>Phùng Quán<
>Xuân Diệu<
>Lưu Trọng Lư<
>Tố Hữu<
>Xuân Quỳnh<
>Nguyễn Khoa Điềm<
>Vũ Hoàng Chương<
>Hàn Mặc Tử<
>Huy Cận<
>Bùi Giáng<
>Hồ Dzếnh<
>Trần Quốc Hoàn<
>Bùi Chí Vinh<
>Lưu Quang Vũ<
>Bảo Cường<
>Nguyên Sa<
>Tế Hanh<
>Hữu Thỉnh<
>Thế Lữ<
>Hoàng Cầm<
>Đỗ Trung Quân<
>Chế Lan Viên<
>Trịnh Công Sơn<
>Quốc Bảo<
>Phạm Duy<
>Anh Bằng<
>Võ Tá Hân<
>Hoàng Trọng<
>Trầm Tử Thiêng<
>Lương Bằng Quang<
>Song Ngọc<
>Hoàng Thi Thơ<
>Trần Thiện Thanh<
>Thái Thịnh<
>Phương Uyên<
>Khánh Ly<
>Cẩm Ly<
>Hương Lan<
>Như Quỳnh<
>Đan Trường<
>Lam Trường<
>Đàm Vĩnh Hưng<
>Minh Tuyết<
>Tuấn Ngọc<
>Trường Vũ<
>Quang Dũng<
>Mỹ Tâm<
>Bảo Yến<
>Toán Học<
>Tiếng Anh<
>Tin Học<
>Âm Nhạc<
>Đêm Xuân Sầu<
>Chế Lan Viên<
>Trời xuân vắng, cỏ cây rên xào xạc Bóng đêm luôn hoảng hốt mãi không thôi. Gió xuân lạnh, ngàn sâu, thời ca hát Trăng xuân sầu, sao héo, cũng thôi cười. Trên đồi lạnh, Tháp Chàm sao ủ rũ Hay hận xưa muôn thủa vẫn chưa nguôi? Hay lãnh đạm, Hời không về Tháp cũ, Hay xuân sang, Chiêm nữ chẳng vui cười? Bên Tháp Vắng, còn người thi-sĩ hỡi, Sao không lên tiếng hát đi ngươi ơi? Mà buồn-bã, âu-sầu trong đêm tối, Ngươi vẫn nằm há miệng đớp sao rơi? Nguồn: Trần Tuấn Kiệt - Thi Ca Việt Nam Hiện Ðại 1880-1965, nxb Khai Trí, Saigon, 6-1967",Đêm Xuân Sầu,https://isach.info/poem.php?poem=dem_xuan_sau__che_lan_vien,thơ tự do,hiện đại,,Chế Lan Viên
"Hầu ran nóng, lửa hồng bừng cháy mắt<
>Máu nồng tươi lay vỡ cả thành tim<
>Ðâu điệu nhạc điên cuồng ta khao khát<
>Chẳng vang lên tràn ngập suối träng êm?<
>Ðêm mau đây, chiếc sọ dừa ứ huyết<
>Chiếc xương khô rợn trắng khí tinh anh!<
>Và rót mau trong hồn ta tê liệt<
>Những nguồn mơ rồ dại, hỡi yêu tinh!<
>Ta sẽ nhịp khớp xương lên đỉnh sọ<
>Ta sẽ ca những giọng của Hồn Ðiên<
>Ðể máu cạn, hồn tàn, tim tan vỡ<
>Ðể trôi đi ngày tháng nặng ưu phiền!<
>Ðể hưởng lấy một giờ không tục lụy<
>Ðể uống vào một phút chết say sưa!<
>Nhạc trần gian khôn vui hồn quạnh quẽ<
>Rượu trần gian gây nhớ vết thương xưa.",Điệu Nhạc Điên Cuồng,https://isach.info/poem.php?poem=dieu_nhac_dien_cuong__che_lan_vien,bảy chữ,hiện đại,,Chế Lan Viên
"Hằng ngày anh khoét sâu vào hang,vào giếng thẳm lòng mình<
>Xem cái vết thương nội tâm kia là tài sản<
>Đi đâu,làm cũng lắng nghe tiếng vang từ giếng,từ hang động ấy<
>Cái nỗi đau riêng anh chẳng muốn lành.<
>Anh ăn lấy lấy sự bất lực của mình làm sức lực<
>Định làm giàu cho cuộc đời bằng cái vốn hư không...",Giếng,https://isach.info/poem.php?poem=gieng__che_lan_vien,thơ tự do,hiện đại,,Chế Lan Viên
"Tất cả bình minh đều hứa hẹn,trừ bình minh ấy,<
>Cái bình minh phản thùng,cái bình minh phản chủ,ác ôn!<
>Mà thôi,đừng vội lên án hạt sương và tiếng gà kết liễu ánh sáng đó<
>Có khi giã từ giữa khi đúng ngọ,lúc hôn hoàng.<
>Hơn thế,ạnh đã vĩnh biệt từ lúc ngòi bút,trang thơ anh bất lực.<
>Từ lúc nhựa hồn anh khô kiệt,thấy hoa mai mà không biết đấy xuân về.",Giờ Báo Tử,https://isach.info/poem.php?poem=gio_bao_tu__che_lan_vien,thơ tự do,hiện đại,,Chế Lan Viên
"Hai trăm năm ngày kỉ niệm Nguyễn Du<
>Pháo sáng đốt tên nhà của Nguyễn<
>Buổi trăng lửa chếch soi tiền tuyến?<
>Gió mùa thu xào xạc hoa lau<
>Anh qua nhà của Nguyễn chả dừng lâu<
>Nhớ đến Nguyễn: ngước nhìn Hồng Lĩnh vậy<
>Bến phà Vinh bom ""cắt"" hai đầu...<
>Có ngờ đâu cồn cát trắng cây xanh<
>Gặp Nguyễn nơi đây trên đất Quảng Bình<
>Đất hỏa tuyến những chàng trai lớp bảy<
>Lại ngâm Kiều sau một cuộc giao tranh.<
>Bốn phía ruộng đồng mái rạ bờ tre<
>Trận địa nằm man mác giữa hương quê...<
>Thơ dân tộc lẫn màu nâu dân dã<
>Nên câu Kiều đồng vọng, họ còn nghe.<
>Đêm thắng giặc Bảo Ninh, mẹ Suốt ngâm Kiều<
>Mẹ dám đâu quên cái thuở khổ nghèo<
>Nhà ai đó lẩy Kiều, câu được, mất<
>Mẹ nấp gốc dừa, nước mắt tràn theo<
>""Thuyền ai thấp thoáng""... Đất trời quê ta<
>Nhật Lệ sông dài, đò mẹ lại qua<
>Câu thơ Nguyễn cũng góp phần chống Mĩ<
>Một mái chèo trong lửa đạn xông pha.<
>Hai trăm năm... ờ nhỉ... hai trăm năm<
>Thuở vui buồn... Kiều sống giữa lòng dân<
>Xưa tiếng võng ru hời đêm lạnh giá<
>Nay cỏ mềm xanh nõn tận trời xuân.<
>Đất nước mình còn nghèo lắm, hỡi em yêu<
>Cho đến giọt lệ cha ông cũng còn có ích với ta nhiều...<
>Dẫu súng đạn ngặng đường ra hỏa tuyến",Gửi Kiều Cho Em Năm Đánh Mĩ,https://isach.info/poem.php?poem=gui_kieu_cho_em_nam_danh_mi__che_lan_vien,bảy chữ,hiện đại,,Chế Lan Viên
"Hai trăm năm ngày kỉ niệm Nguyễn Du<
>Pháo sáng đốt trên nhà của Nguyễn.<
>Buổi trăng lửa chếch soi tiền tuyến?<
>Gió mùa thu xào xạc hoa lau<
>Anh qua nhà của Nguyễn chả dừng lâu<
>Nhớ đến Nguyễn, ngước nhìn Hồng Lĩnh vậy<
>Bến phà Vinh, bom cắt hai đầu.<
>Có ngờ đâu cồn cát trắng, cây xanh<
>Gặp Nguyễn nơi đây trên đất Quảng Bình.<
>Đất hỏa tuyến những chàng trai lớp bảy<
>Lại ngâm Kiều sau một cuộc giao tranh.<
>Bốn phía ruộng đồng mái rạ bờ tre<
>Trận địa nằm man mác giữa hương quê<
>Thơ dân tộc lẫn màu nâu dân dã<
>Nên câu Kiều đồng vọng, họ còn nghe.<
>Đêm thắng giặc Bảo Ninh, mẹ Suốt ngâm Kiều,<
>Mẹ dám đâu quên cái thuở khổ nghèo<
>Nhà ai đó lẩy Kiều, câu được, mất<
>Mẹ nấp gốc dừa, nước mắt ràn theo<
>“Thuyền ai thấp thoáng…” Đất trời về ta<
>Nhật Lệ sông dài, thuyền mẹ lại qua<
>Câu thơ Nguyễn cũng góp phần đánh Mỹ<
>Một mái chèo trong lửa đạn xông pha.<
>Hai trăm năm… ờ nhỉ… Hai trăm năm!<
>Thuở vui buồn, Kiều sống giữa lòng dân<
>Xưa tiếng võng ru hời đêm lạnh giá<
>Nay cỏ mềm xanh nõn tận trời xuân.<
>Đất nước mình nghèo lắm, hỡi em yêu!<
>Cho đến giọt lệ cha ông cũng còn có ích với ta nhiều<
>Dẫu súng đạn nặng đường ra hỏa tuyến",Gửi Kiều Cho Em Năm Đánh Mỹ,https://isach.info/poem.php?poem=gui_kieu_cho_em_nam_danh_my__che_lan_vien,bảy chữ,hiện đại,,Chế Lan Viên
"""Ta là ai?"" như ngọn gió siêu hình<
>Câu hỏi hư vô thổi nghìn nến tắt<
>""Ta vì ai?"" khẽ xoay chiều gió bấc<
>Bàn tay người thắp lại triệu chồi xanh.",Hai Câu Hỏi,https://isach.info/poem.php?poem=hai_cau_hoi__che_lan_vien,bảy chữ,hiện đại,,Chế Lan Viên
"Và xương khô, và sọ người, và thịt nát,<
>Và hơi âm rờn rợn của yêu tinh<
>Loài người đã mang đi qua mộ khác<
>Để lòng ta trống trải khí thiêng linh<
>Thôi vắng bặt từ nay bao giâu phút<
>Mà tiếng cười ghê rợn dậy vang mồ!<
>Mà hơi khóc rung dài dây gió lướt,<
>Mà lời than náo động cõi Hư Vô!<
>Hồn ma ơi! Hồn ma ơi! Có nhớ<
>Nơi mi hằng chôn gửi hận Trần Gian?<
>Nơi đã khô của mi bao máu đỏ,<
>Bao tủy nồng, nào trắng với xương tàn?<
>Mi có biết rồi đây trong những buổi<
>Mà sao sa rung chuyển đáy mồ không,<
>Mà nắng chếch huyệt sâu um cỏ dại<
>Ta buồn thương, nhớ tiếc, với trông mong?<
>Hồn ma ơi! Trong những đêm u tối<
>Mi tung mây về chân trời vòi vọi<
>Hãy mau nghiêng cánh lại ở bên mồ<
>Phủ lòng ta say đắm chút hương mơ!<
>Lời của mồ không<
>Ở đâu rồi người nhớ mong yêu tưởng<
>Mà phách hồn vẫn ôm ấp trong tay?<
>Quá xa xôi phút giây chan chứa mộng!<
>Vỡ tan rồi! cốc rượu ứa hơi say!<
>Nàng hỡi nàng! trên tay ta là mộ trống<
>Trong lòng ta là huyệt bỏ, với trong hồn<
>Mà mồ không lạnh lùng sương giá đọng,<
>Toàn khổ đau, sầu não với lo buồn!<
>Hãy cho ta lúc vui trên tay khác<
>Một chút Thương an ủi tấm lòng đau<
>Như hồn ma, trong khi về mộ khác,<
>Còn đôi hồi dừng cánh viếng mồ sâu.",Mồ Không,https://isach.info/poem.php?poem=mo_khong__che_lan_vien,bảy chữ,hiện đại,,Chế Lan Viên
"Người nông dân ấy đã bốc mộ cho hàng trăm trhương binh<
>Xác anh em và xác con mình<
>Xác anh em và xác con mình<
>Anh xếp trên giường nhà anh như họ còn nằm ngủ<
>Vợ, dâu anh thì sợ<
>Nhưng anh vẫn làm nhiệm vụ.<
>Việc ấy không để lại hào quang trên tay<
>Ánh sáng gì trong mắt<
>Hay huân chương trên tường.<
>Có khi bản thân anh cũng muốn quên cuộc đời chật vật<
>Còn ta à! Thì bận vì dạ hội, liên hoan...<
>Tình ca, hội thảo...<
>Bao nhiêu điều láo nháo chúng ta quên<
>Quên rằng giờ chiến thắng mười năm<
>Anh ta vẫn khổ<
>Con vào trường không có chỗ<
>Đến bệnh viện không tiền<
>Ra đường không ai nhớ<
>Về làng người ta quên.",Một Người Thường,https://isach.info/poem.php?poem=mot_nguoi_thuong__che_lan_vien,thơ tự do,hiện đại,,Chế Lan Viên
"Đất nước đẹp vô cùng. Nhưng Bác phải ra đi<
>Cho tôi làm sóng dưới con tàu đưa tiễn Bác!<
>Khi bờ bãi dần lui, làng xóm khuất,<
>Bốn phía nhìn không một bóng hàng tre.<
>Đêm xa nước đầu tiên, ai nỡ ngủ?<
>Sóng vỗ dưới thân tàu đâu phải sóng quê hương!<
>Trời từ đây chẳng xanh màu xứ sở,<
>Xa nước rồi, càng hiểu nước đau thương!<
>Lũ chúng ta ngủ trong giường chiếu hẹp<
>Giấc mơ con đè nát cuộc đời con!<
>Hạnh phúc đựng trong một tà áo đẹp!<
>Một mái nhà yêu rủ bóng xuống tâm hồn.<
>Trăm cơn mơ không chống nổi một đêm dày<
>Ta lại mặc cho mưa tuôn và gió thổi<
>Lòng ta thành con rối<
>Cho cuộc đời giật dây!<
>Quanh hồ Gươm không ai bàn chuyện vua Lê<
>Lòng ta đã thành rêu phong chuyện cũ<
>Hiểu sao hết những tấm lòng lãnh tụ<
>Tìm đường đi cho dân tộc theo đi.<
>Hiểu sao hết Người đi tìm hình của Nước<
>Không phải hình một bài thơ đã tạc nên người<
>Một góc quê hương, nửa đời quen thuộc,<
>Hay một đấng vô hình sương khói xa xôi...<
>Mà hình đất nước hoặc còn hoặc mất<
>Sắc vàng nghìn xưa, sắc đỏ tương lai<
>Thế đi đứng của toàn dân tộc<
>Một cách vinh hoa cho hai mươi lăm triệu con người.<
>Có nhớ chăng, hỡi gió rét thành Ba Lê?<
>Một viên gạch hồng, Bác chống lại cả một mùa băng giá<
>Và sương mù thành Luân Đôn, ngươi có nhớ<
>Giọt mồ hôi Người nhỏ giữa đêm khuya?<
>Đời bồi tàu lênh đênh theo sóng bể<
>Người đi hỏi khắp bóng cờ châu Mỹ, châu Phi,<
>Những đất tự do, những trời nô lệ,<
>Những con đường cách mạng đang tìm đi.<
>Đêm mơ nước, ngày thấy hình của nước<
>Cây cỏ trong chiêm bao xanh sắc biếc quê nhà<
>Ăn một miếng ngon cũng đắng lòng vì Tổ quốc<
>Chẳng yên lòng khi ngắm một nhành hoa.<
>Ngày mai dân ta sẽ sống sao đây?<
>Bao giờ dải Trường Sơn bừng tỉnh giấc ngủ<
>Cánh tay thần Phù Đổng sẽ vươn mây?<
>Rồi cờ sẽ ra sao? Tiếng hát sẽ ra sao?<
>Nụ cười sẽ ra sao?...",Người Đi Tìm Hình Của Nước,https://isach.info/poem.php?poem=nguoi_di_tim_hinh_cua_nuoc__che_lan_vien,bảy chữ,hiện đại,,Chế Lan Viên
"Ta để xiêm lên mây, rồi nhẹ bước<
>Xuống dòng Ngân lòa chói ánh hào quang<
>Sao tán loạn đua bơi trên mặt nước,<
>Tiếng lao xao dội thấu đến cung Hằng<
>Rồi trần truồng, ta nằm trên điện ngọc,<
>Hai tay cuồng vơ níu áo muôn tiên<
>Đầu gối lên hàng Thất tinh vừa mọc<
>Hồn giạt trôi về đến nước non Chiêm<
>Ta gặp Nàng trên một vì sao nhỏ<
>Ta hôn Nàng trong bóng núi mây cao<
>Ta ôm Nàng trong những nguồn trăng đổ<
>Ta ghì Nàng trong những suối trăng sao<
>Nàng không nói, không cười, không than thở<
>Theo ta về sao Đẩu ở chân trời<
>Trên má ta lệ Nàng đâu bỗng nhỏ<
>Ôm má ta, Nàng sẽ bảo đôi lời.<
>Nhưng mà trăng! Nhưng mà sao! nhưng mà gió !<
>Ồn ào lên, tán loạn chạy quanh ta<
>Phút hỗn độn qua rồi. Trời ! Đau khổ !<
>Bóng Chiêm nương dần khuất dưới sương sa.<
>Đêm hôm nay ngồi đây trên bờ bể<
>Ta lặng đếm thử bao nhiêu thế kỷ<
>Đã trôi trong một phút vội vàng qua<
>Ta lắng nghe những thế giới bao la<
>Tụ họp lại trong lòng muôn hột cát,<
>Dòng tư tưởng lần trôi trong Lầm Lạc<
>Hồn say sưa vào khắp cõi Trời Mơ,<
>Ai kêu ta trong cùng thẳm Hư Vô?<
>Ai réo gọi trong muôn sao, chới với?<
>Nàng, nàng, nàng, thôi chính nàng đương mong đợi.",Ngủ Trong Sao,https://isach.info/poem.php?poem=ngu_trong_sao__che_lan_vien,bảy chữ,hiện đại,,Chế Lan Viên
"Phạt bảy nghìn tiền điện<
>Lấy gì trả bây giờ?<
>Bán đi bảy tấm ván<
>Bạn cho làm trần nhà.<
>Cảm thông nhà thơ nghèo<
>Nửa cho và nửa bán,<
>Sợ nhà lợp mái tôn<
>Chạy trời không khỏi nắng<
>Những trưa hè nóng bức<
>Nghĩ nhiều càng thương thân<
>Tuổi lớn vẫn viết được<
>Miễn nhà có cái trần.<
>Chung quanh bọn tham ô<
>Xây biệt thự lớn, nhỏ<
>Còn lên lớp cho thơ:<
>“Cần chịu đựng gian khổ” (!)<
>Sáng, ta viết ngoài sân<
>Nhờ cây cho bóng mát<
>Trưa, ăn cơm dưới thềm<
>Mồ hôi có gió quạt<
>Dầu vậy vẫn khoái trí<
>Được nhiều người cực hơn<
>Khen: “Anh mà còn thế,<
>Việc quái gì em buồn”.",Nhà Không Trần,https://isach.info/poem.php?poem=nha_khong_tran__che_lan_vien,thơ tự do,hiện đại,,Chế Lan Viên
"Em đi về Kiến Xương<
>Mùa này mưa bão lắm<
>Phòng anh mờ hơi sương<
>Nhớ em nhu nhớ nắng<
>Chiều nay ốm một mình<
>Vắng em ngồi bên cạnh<
>Ngọn gío đùa trêu anh<
>Cửa khép rồi vẫn đánh<
>Đường xa trăm cây số<
>Ngỡ có em về đó<
>Đắp chăn dày cho anh<
>Và đứng nhìn anh ngủ<
>Rồi lại đi Thái Bình<
>Về Kiến Xương huyện nhỏ<
>Để lại trời bên cửa<
>Một màu xanh xanh xanh<
>(Hoa Ngày Thường-Chim Báo Bão)",Nhớ Em Nơi Huyện Nhỏ,https://isach.info/poem.php?poem=nho_em_noi_huyen_nho__che_lan_vien,thơ tự do,hiện đại,,Chế Lan Viên
"Tôi không muốn đất trời xoay chuyển nữa<
>Với tháng ngày biền biệt đuổi nhau trôi<
>Xuân đừng về! Hè đừng gieo ánh lửa!<
>Thu thôi sang! Đông thôi lại não lòng tôi!<
>Quả đất chuyển đây lòng tôi rung động<
>Nỗi sầu tư nhuần thấm cõi Hư Vô!<
>Tháng ngày qua, gạch Chàm đua nhau rụng<
>Tháp Chàm đua nhau đổ dưới trăng mờ!<
>Lửa hè đến ! Nỗi căm hờn vang dậy!<
>Gió thu sang thấu lạnh cả hồn thơ!<
>Chiều đông tàn, như mai xuân lộng lẫy<
>Chỉ nói thêm sầu khổ với ưu tư!<
>Tạo hóa hỡi ! Hãy trả tôi về Chiêm Quốc!<
>Hãy đem tôi xa lánh cõi trần gian!<
>Muôn cảnh đời chỉ làm tôi chướng mắt!<
>Muôn vui tươi nhắc mãi vẻ điêu tàn!<
>Hãy cho tôi một tinh cầu giá lạnh,<
>Một vì sao trơ trọi cuối trời xa!<
>Để nơi ấy tháng ngày tôi lẩn tránh<
>Những ưu phiền, đau khổ với buồn lo!",Những Sợi Tơ Lòng,https://isach.info/poem.php?poem=nhung_soi_to_long__che_lan_vien,bảy chữ,hiện đại,,Chế Lan Viên
"Giặc Mỹ mày đến đây<
>Thì ta tiêu diệt ngay!<
>Trời xanh ta nổi lửa<
>Bể xanh ta giết mày!<
>Ôi Tổ quốc ta, ta yêu như máu thịt,<
>Như mẹ cha ta, như vợ như chồng<
>Ôi Tổ quốc, nếu cần, ta chết<
>Cho mỗi ngôi nhà, ngọn núi, con sông...<
>Hãy cứ đo bể ta bằng luật - điều quốc tế<
>Trời xanh ta xanh bao nhiêu hải lý<
>Nhưng chớ đừng đo lòng căm giận chúng ta<
>Mau hơn ba chục năm trời ta đã đổ ra<
>Phải trăm năm mới có ngày độc lập<
>Ai đếm hết chuỗi người lên máy chém lúc hừng đông?<
>Roi vọt Côn Lôn, ngục tù Phú Quốc<
>Mỗi trang sử đất này đều nặng máu cha ông.<
>Hãy yêu! Hãy yêu! Hãy yêu tất cả<
>Một chiếc cầu vừa mới bắc qua sông<
>Một hợp tác lúa chiêm vàng óng ả<
>Một nhà ăn cửa sổ sơn hồng...<
>Những nhà máy, nước sinh trong gian khổ<
>Những lò cao như đứa trẻ đầu lòng<
>Hạnh phúc mới, có khi còn vất vả<
>Nhưng bước đầu đây là của công nông<
>Miền Bắc thân yêu trong tầm đạn Mỹ<
>Hãy yêu! Hãy yêu! Hãy yêu và bảo vệ<
>Mây nước, cửa nhà, văn học, ngữ ngôn...<
>Một đảo vắng Hòn Ngư còn chớp bể<
>Một rặng núi Kỳ Sơn từng lắm lúc mưa nguồn.<
>Hãy đem máu ta ra mà gìn giữ<
>Nửa thân thể miền Bắc này cho ruột thịt phương nam!<
>Trời xanh biếc của người đầu tuyến lửa<
>Nẻo Hùng Tinh từng quay hướng địa bàn<
>Chớ để cho chúng đến gieo khăn tang và nạng gỗ<
>Xây dựng những pháp trường và kiến thiết những tha ma<
>Súng Mỹ chĩa vào căn phòng ta ở<
>Dao cửa vào trên cổ họng ta ca.<
>Hỡi những tấm lòng lạnh tanh máu cá<
>Những nhiệt tình xuống quá độ âm!<
>Có nghe tiếng ngư lôi và cao xạ?<
>Giặc đánh ta thì ta đánh trả<
>Giữ hòa bình phải đâu bằng mọi giá<
>Giá hòa bình là quật ngã bọn xâm lăng.<
>Tàu Mỹ rụng đất này, ai có nghe chăng?<
>Sao thức canh đêm, bể biếc reo mừng,<
>Sóng ru đất, mấy nhắn cùng gió thổi:<
>""Thần chiến thắng là những người áo vải<
>Những binh nhất, binh nhì mười tám tuổi<
>Giết quân thù không đợi có hạt nhân"".<
>Giết quân thù không cần phải phân vân<
>Hỡi những con thỏ hòa bình đang tìm nơi gặm cỏ<
>Súng ta nổ cũng là vì ngươi nữa<
>Nhờ súng này mà người được yên thân.<
>Đêm nay sao chín vàng như thóc giống<
>Phải đêm nay trời cũng được mùa?<
>Trời sao cao như là chiến trận<
>Sao sáng ngời vũ khí lòng ta<
>Nghe dào dạt mười bốn triệu miền Nam đang tỉnh thức<
>Không! Ba mươi triệu kim cương của thiên hà Tổ quốc!<
>Không! Hàng nghìn triệu ngôi sao sáng anh em đang chiếm lĩnh bầu trời!<
>Hứa một Mùa Gặt Lớn ngày mai.",Sao Chiến Thắng,https://isach.info/poem.php?poem=sao_chien_thang__che_lan_vien,bảy chữ,hiện đại,,Chế Lan Viên
"Anh là tháp Bay-on bốn mặt<
>Giấu đi ba, còn lại đấy là anh<
>Chỉ mặt đó mà nghìn trò cười khóc<
>Làm đau ba mặt kia trong cõi ẩn hình.",Tháp Bay-on Bốn Mặt,https://isach.info/poem.php?poem=thap_bayon_bon_mat__che_lan_vien,bảy chữ,hiện đại,,Chế Lan Viên
"Chả còn ai yêu vầng trăng và hương lúa ngoài đồng<
>Yêu bà Tiên hay đám mây trên lầu Hoàng hạc<
>Giờ là thế giới của xe cúp, tivi, phim màu ngũ sắc<
>Của quyền lực, tuổi tên, đốp chát…<
>Vị trí nhà thơ như rác đổ thùng!<
>Chả ai nhớ bà mẹ cắm chông bạc tóc<
>Nhớ một cô gái chèo đò vượt lửa qua sông.",Thời Thượng,https://isach.info/poem.php?poem=thoi_thuong__che_lan_vien,thơ tự do,hiện đại,,Chế Lan Viên
"Tây bắc ư? Có riêng gì Tây Bắc?<
>Khi lòng ta đã hóa những con tàu<
>Khi tổ quốc bốn bề lên tiếng hát<
>Tâm hồn ta là Tây Bắc, chứ còn đâu.<
>Con tàu này lên Tây Bắc, anh đi chăng?<
>Bạn bè đi xa, anh giữ trời Hà Nội<
>Anh có nghe gió ngàn đang rú gọi<
>Ngoài cửa ô? Tàu đói những vần trăng.<
>Đất nước mênh mông, đời anh nhỏ hẹp<
>Tàu gọi anh đi, sao chửa ra đi?<
>Chẳng có thơ đâu giữa lòng đóng khép<
>Tâm hồn anh chờ gặp anh trên kia.<
>Trên Tây Bắc! Ôi mười năm Tây Bắc<
>Xứ thiêng liêng rừng núi đã anh hùng<
>Nơi máu rỏ tâm hồn ta thấm đất<
>Nay rạt rào đã chín trái đầu xuân.<
>Ơi kháng chiến! Mười năm qua như ngọn lửa<
>Nghìn năm sau, còn đủ sức soi đường,<
>Con đã đi nhưng con cần vượt nữa<
>Cho con về gặp lại mẹ yêu thương.<
>Con gặp lại nhân dân như nai về suối cũ<
>Cỏ đón giêng hai, chim én gặp mùa,<
>Như đứa trẻ thơ đói lòng gặp sữa<
>Như chiếc nôi dừng bỗng gặp cánh tay đưa.<
>Con nhớ anh con, người anh du kích<
>Chiếc áo nâu anh mặc đêm công đồn<
>Chiếc áo nâu suốt một đời vá rách.<
>Đêm cuối cùng anh cởi lại cho con.<
>Con nhớ em con,thằng em liên lạc<
>Rừng thưa em băng, rừng rậm em chờ<
>Sáng bản Na,chiều em qua bản Bắc<
>Mười năm tròn!chưa mất một phong thư.<
>Con nhớ mế! Lửa hồng soi tóc bạc<
>Năm con đau, mế thức một mùa dài.<
>Con với mế không phải hòn máu cắt<
>Nhưng trọn đời con nhớ mế ơn nuôi.<
>Nhớ bản sương giăng, nhớ đèo mây phủ<
>Nơi nào qua, lòng lại chẳng yêu thương?<
>Khi ta ở, chỉ là nơi đất ở<
>Khi ta đi, đất đã hóa tâm hồn!<
>Anh bỗng nhớ em như đông về nhớ rét<
>Như xuân đến chim rừng lông trở biếc<
>Anh nắm tay em cuối mùa chiến dịch<
>Vắt xôi nuôi quân em giấu giữa rừng<
>Đất Tây Bắc tháng ngày không có lịch<
>Bữa xôi đầu còn tỏa nhớ mùi hương.<
>Đất nước gọi ta hay lòng ta gọi?<
>Tình em đang mong, tình mẹ đang chờ,<
>Tàu hãy vỗ giùm ta đôi cánh vội<
>Mắt ta thèm mái ngói đỏ trăm ga.<
>Mắt ta nhớ mắt người, tai ta nhớ tiếng<
>Mùa nhân dân giăng lúa chín rì rào<
>Rẽ người mà đi, vịn tay mà đến<
>Mặt đất nồng nhựa nóng của cần lao.<
>Nhựa nóng mười năm nhân dân máu đổ<
>Tây Bắc ơi, người là mẹ của hồn thơ,<
>Mười năm chiến tranh, vàng ta đau trong lửa<
>Nay trở về, ta lấy lại vàng ta.<
>Lấy cả những cơn mơ!<
>Ai bảo con tàu không mộng tưởng?<
>Mỗi đêm khuya không uống một vầng trăng,<
>Lòng ta cũng như tàu, ta cũng uống<
>Mặt hồng em trong suối lớn mùa xuân.",Tiếng Hát Con Tàu,https://isach.info/poem.php?poem=tieng_hat_con_tau__che_lan_vien,bảy chữ,hiện đại,,Chế Lan Viên
"Ôi! Con đường không ra đường<
>của kẻ tìm thơ<
>Cái thơ không ra thơ của kẻ tìm đường<
>Đã gần hết thời gian của tôi ở trên trái đất<
>Mà tôi chưa có thể trả lời cho mẹ<
>Mẹ đâu biết cho rằng:<
>Hoa tôi hái trên trời<
>Cũng chính là nước mắt",Tìm Đường,https://isach.info/poem.php?poem=tim_duong__che_lan_vien,thơ tự do,hiện đại,,Chế Lan Viên
"Em đi, như chiều đi<
>Gọi chim vườn bay hết<
>Em về tựa mai về<
>Rừng non xanh lộc biếc<
>Em ở, trời trưa ở<
>Nắng sáng màu xanh tre<
>Tình em như sao khuya<
>Rải hạt vàng chi chít<
>Sợ gì chim bay đi<
>Mang bóng chiều đi hết<
>Tình ta như lộc biếc<
>Gọi ban mai lại về<
>Dù nắng trưa không ở<
>Ta vẫn còn sao khuya<
>Hạnh phúc trên đầu ta<
>Mọc sao vàng chi chít<
>Mai, hoa em lại về...<
>(Ánh Sáng Và Phù Sa)",Tình Ca Ban Mai,https://isach.info/poem.php?poem=tinh_ca_ban_mai__che_lan_vien,thơ tự do,hiện đại,,Chế Lan Viên
"Hỡi sông Hồng tiếng hát bốn nghìn năm!<
>Tổ quốc bao giờ đẹp thế này chăng?<
>- Chưa đâu! Và ngay cả trong những ngày đẹp nhất<
>Khi Nguyễn Trãi làm thơ và đánh giặc,<
>Nguyễn Du viết Kiều, đất nước hóa thành văn,<
>Khi Nguyễn Huệ cưỡi voi vào cửa Bắc.<
>Hưng Đạo diệt quân Nguyên trên sóng Bạch Đằng...<
>Những ngày tôi sống đây là ngày đẹp hơn tất cả<
>Dù mai sau đời muôn vạn lần hơn:<
>Trái cây rơi vào áo người ngắm quả,<
>Đường nhân loại đi qua bóng lá xanh rờn,<
>Mặt trời đến mỗi ngày như khách lạ,<
>Gặp mỗi mặt người đều muốn ghé môi hôn...<
>Cha ông xưa từng đấm nát tay trước cửa cuộc đời,<
>Cửa vẫn đóng và đời im ỉm khoá<
>Những pho tượng chùa Tây Phương không biết cách trả lời<
>Cả dân tộc đói nghèo trong rơm rạ<
>Văn Chiêu hồn từng thấm giọt mưa rơi!<
>Có phải cha ông đến sớm chăng và cháu con thì lại muộn?<
>Dẫu có bay giữa trăng sao cũng tiếc không được sống phút giây bây giờ<
>Buổi đất nước của Hùng Vương có Đảng,<
>Mỗi người dân đều được thấy Bác Hồ,<
>Thịt xương ta, giặc phơi ngoài bãi bắn<
>Lại tái sinh từ Pắc Bó, Ba Tơ...<
>Không ai có thể ngủ yên trong đời chật<
>Buổi thủy triều vẫy gọi những vầng trăng.<
>Mỗi gié lúa đều muốn thêm nhiều hạt,<
>Gỗ trăm cây đều muốn hóa nên trầm,<
>Mỗi chú bé đều nằm mơ ngựa sắt,<
>Mỗi con sông đều muốn hóa Bạch Đằng...<
>Ôi! Trường Sơn vĩ đại của ta ơi!<
>Ta tựa vào ngươi, kéo pháo lên đồi,<
>Ta tựa vào Đảng ta, lên tiếng hát,<
>Dưới chân ta, đến đầu hàng Đờ-cát,<
>Rồng năm móng vua quan thành bụi đất,<
>Mỗi trang thơ đều dội tiếng ta cười!<
>Đều lộng hương thơm những cánh đồng hợp tác<
>Chim cu gần, chim cu gáy xa xa...<
>Ruộng đoàn tụ nên người thôi chia cắt,<
>Đêm no ấm, giọng chèo khuya khoan nhặt,<
>Lúa thêm mùa khi lúa chín về ta.<
>Rồi với đôi tay trắng từ Đinh, Lý, Trần, Lê...<
>Đảng làm nên công nghiệp.<
>Điện trời ta là sóng nước sông Hồng<
>An Dương Vương hãy dậy cùng ta xây sắt thép,<
>Loa thành này có đẹp mắt Người chăng?<
>Ong bay nhà khu Tỉnh ủy Hưng Yên<
>Mật đồng bằng mùa nhãn ngọt môi em<
>Cây xanh ngắt đất bạc mầu Vĩnh Phúc...<
>Ôi! Cái thuở lòng ta yêu Tổ quốc<
>Hạnh phúc nào không hạnh phúc đầu tiên?<
>Ôi, cái buổi sinh thành và tái tạo<
>Khi thiếu súng và khi thì thiếu gạo<
>Những phù sa đẻ ra những Cà Mau thịnh vượng mai sau.<
>Dẫu là Chúa cũng sinh từ ruột máu,<
>Ta đẻ ra đời, sao khỏi những cơn đau?<
>Hãy biết ơn vị muối của đời cho thơ chất mặn!<
>Ôi! Thương thay những thế kỷ vắng anh hùng,<
>Những đất nước thiếu người cầm thanh gươm nghìn cân ra trận,<
>Nhà thơ sinh đồng thời với mưa phùn và những buổi hoàng hôn,<
>Cả xứ sở trắng một màu mây trắng,<
>Ai biết mây trên trời buồn hơn hay thơ mặt đất buồn hơn?<
>Chọn thời mà sống chăng? Anh sẽ chọn năm nào đấy nhỉ?<
>- Cho tôi sinh ra buổi Đảng dựng xây đời,<
>Mắt được thấy dòng sông ra gặp bể,<
>Ta với mẻ thép gang đầu là lứa trẻ sinh đôi,<
>Nguyễn Văn Trỗi ra đi còn dạy chúng ta cười...<
>Cho tôi sinh giữa những ngày diệt Mỹ,<
>Vóc nhà thơ đứng ngang tầm chiến lũy<
>Bên những dũng sĩ đuổi xe tăng ngoài đồng và hạ trực thăng rơi.<
>Nhà viết Hồ Tây<
>gần ngày kỷ niệm Đảng (1965)",Tổ Quốc Bao Giờ Đẹp Thế Này Chăng,https://isach.info/poem.php?poem=to_quoc_bao_gio_dep_the_nay_chang__che_lan_vien,bảy chữ,hiện đại,,Chế Lan Viên
"Một ngày biếc thị thành ta rời bỏ<
>Quay về xem non nước giống dân Hời<
>Đây, những Tháp gầy mòn vì mong đợi<
>Những đền xưa đổ nát dưới Thời Gian<
>Những sông vắng lê mình trong bóng tối<
>Những tượng Chàm lở lói rỉ rên than.<
>Đây, những cảnh ngàn sâu cây lả ngọn,<
>Muôn Ma Hời sờ soạng dắt nhau đi<
>Những rừng thẳm bóng chiều lan hỗn độn<
>Lừng hương đưa, rộn rã tiếng từ qui!<
>Đây, chiến địa nơi đôi bên giao trận<
>Muôn cô hồn tử sĩ hét gầm vang<
>Máu Chàm cuộn tháng ngày niềm oán hận,<
>Xương Chàm luôn rào rạt nỗi căm hờn.<
>Đây, những cảnh thái bình trong Chiêm Quốc<
>Những cô thôn vàng nhuộm nắng chiều tươi<
>Những Chiêm nữ nhẹ nhàng quay lại ấp<
>Áo hồng nâu phủ phất xõa lời vui<
>Đây, điện các huy hoàng trong ánh nắng,<
>Những đền đài tuyệt mỹ dưới trời xanh<
>Đây, chiến thuyền nằm mơ trên sông lặng,<
>Bầy voi thiêng trầm mặc dạo bên thành.<
>Đây, trong ánh ngọc lưu ly mờ ảo<
>Vua quan Chiêm say đắm thịt da ngà,<
>Những Chiêm nữ mơ màng trong tiếng sáo,<
>Cùng nhịp nhàng uyển chuyển uốn mình hoa.<
>Những cảnh ấy Trên Đường Về ta đã gặp<
>Tháng ngày qua ám ảnh mãi không thôi<
>Và từ đấy lòng ta luôn tràn ngập<
>Nỗi buồn thương, nhớ tiếc giống dân Hời.",Trên Đường Về,https://isach.info/poem.php?poem=tren_duong_ve__che_lan_vien,bảy chữ,hiện đại,,Chế Lan Viên
"Trưa quanh vườn. Và võng gió an lành<
>Ngang phòng trưa, ru hồn nhẹ cây xanh.<
>Trưa quanh gốc. Và mộng hiền của bóng<
>Bỗng run theo... lá... run theo... nhịp võng<
>Trưa lên trời. Và xanh thẳm bầu trời,<
>Bỗng mê ly, nằm thấy, trắng, mây trôi...<
>Trưa! Một ít trưa, lạc vào lăng tẩm,<
>Nhập làm hồn những tượng xưa u thảm.<
>Trưa theo tàu, bước xuống những sân ga<
>Dựng buồn lên xa gửi đến Muôn Xa.<
>Đây trưa hiện hình trong căn trường nhỏ<
>Đưa tay lên thoa những hàng kính vỡ.<
>Trưa gọi kêu, nâng ngực gió lên trời:<
>Bên vú trái tròn, lá bỗng run môi.<
>Tiếng ai ca, buồn theo song cửa sổ:<
>""Nâng không gian trưa đặt giữa lòng người.""",Trưa Đơn Giản,https://isach.info/poem.php?poem=trua_don_gian__che_lan_vien,bảy chữ,hiện đại,,Chế Lan Viên
"Sau này anh đọc thơ tôi nên nhớ<
>Có phải tôi viết đâu? Một nửa<
>Cái cần viết vào thơ, tôi đã giết đi rồi!<
>Giết một tiếng đau, giết một tiếng cười,<
>Giết một kỷ niệm, giết một ước mơ,<
>Tôi giết cái cánh sắp bay…trước khi tôi viết<
>Tôi giết bão táp ngoài khơi cho được yên ổn trên bờ<
>Và giết luôn mặt trời trên biển,<
>Giết mưa và giết cả cỏ mọc trong mưa luôn thể<
>Cho nên câu thơ tôi gày còm như thế<
>Tôi viết bằng xương thôi, không có thịt của mình.<
>Và thơ này rơi đến tay anh<
>Anh bảo đấy là tôi?",Trừ Đi,https://isach.info/poem.php?poem=tru_di__che_lan_vien,thơ tự do,hiện đại,,Chế Lan Viên
"Những kẻ nguyền rủa anh sẽ buồn<
>Chả còn anh cho họ giết<
>Dao sẵn rồi, họ không dễ để yên<
>Những bạn bè yêu anh sẽ gặp anh",Từ Thế Chi Ca,https://isach.info/poem.php?poem=tu_the_chi_ca__che_lan_vien,bảy chữ,hiện đại,,Chế Lan Viên
"Con cu cườm vẫn đeo vòng cườm muôn thuở<
>Triệu tấn bom không thể nào làm xổ<
>Một hạt cườm trên cổ chim tơ<
>Mùa xuân thật bất ngờ<
>Tiếng chim sau pháo cụm pháo bầy cấp tập<
>Rừng cháy đen vẫn cành ra lộc<
>Chỗ cành xanh là chỗ chim gù.<
>Hồn đất nước bâng khuâng theo tiếng chim dân dã<
>Như chửa nghe bao giờ. Mà như đã<
>Nghe rồi. Tự đâu thời xa xửa xa xưa<
>Tự sông Thương đôi dòng, Vọng phu hóa đá<
>Tiếng chim như tự buổi bình Ngô, tự thuở Hai Bà<
>Tiếng chim như tình ái, như thơ<
>Ở xứ nghìn năm chiến tranh, vạn ngày trận mạc<
>Để yên lòng người thì con chim hát<
>Cho kẻ ra đi, cho kẻ đợi chờ<
>Bom đạn ngất trời thì đã sao đâu?<
>Trăm hạt cườm trên cổ chim không thiếu hạt cườm nào.<
>Chim cu gáy sự vật tuần hoàn theo quy luật,<
>Chim cu gáy thì xanh rờn cỏ mọc<
>Đỏ trái chín cành cao cành thấp<
>Thì anh lại yêu em như buổi ban đầu.<
>Ngày thắng trận trở về vẫn chim cu ấy gáy<
>Vòng cườm qua nghìn cơn lửa cháy<
>Tiếng gáy tưởng chừng như đã, như chưa<
>Như của năm nào, như của bây giờ.",Vòng Cườm Trên Cổ Chim Cu,https://isach.info/poem.php?poem=vong_cuom_tren_co_chim_cu__che_lan_vien,bảy chữ,hiện đại,,Chế Lan Viên
